Segment	Number of voxels [voxels] (1)	Volume [mm3] (1)	Volume [cm3] (1)	Feret diameter mm [mm]	Surface area [mm2] (1)	Number of voxels [voxels] (2)	Volume [mm3] (2)	Volume [cm3] (2)	Minimum [1]	Maximum [1]	Mean [1]	Median [1]	Standard Deviation [1]	Surface area [mm2] (2)	Volume [mm3] (3)	Volume [cm3] (3)
Aneurysm with Parent Artery	5347	489.533	0.489533	37.9303	760.696	5347	489.533	0.489533	216	745	366.768	343	113.196	680.819	441.16	0.44116
Aneurysm	524	47.9736	0.0479736	5.79526	69.8903	524	47.9736	0.0479736	216	673	395.506	405	101.919	65.1151	44.7073	0.0447073
