Segment	Number of voxels [voxels] (1)	Volume [mm3] (1)	Volume [cm3] (1)	Feret diameter mm [mm]	Surface area [mm2] (1)	Number of voxels [voxels] (2)	Volume [mm3] (2)	Volume [cm3] (2)	Minimum [1]	Maximum [1]	Mean [1]	Median [1]	Standard Deviation [1]	Surface area [mm2] (2)	Volume [mm3] (3)	Volume [cm3] (3)
Aneurysm with Parent Artery	25908	702.799	0.702799	28.4367	721.601	25908	702.799	0.702799	261	1072	518.856	519	147.356	699.288	697.882	0.697882
Aneurysm	3362	91.2001	0.0912001	7.11961	109.997	3362	91.2001	0.0912001	261	942	487.958	494	123.005	104.13	90.4876	0.0904876
