Segment	Number of voxels [voxels] (1)	Volume [mm3] (1)	Volume [cm3] (1)	Feret diameter mm [mm]	Surface area [mm2] (1)	Number of voxels [voxels] (2)	Volume [mm3] (2)	Volume [cm3] (2)	Minimum [1]	Maximum [1]	Mean [1]	Median [1]	Standard Deviation [1]	Surface area [mm2] (2)	Volume [mm3] (3)	Volume [cm3] (3)
Aneurysm with Parent Artery	17375	377.062	0.377062	19.9894	392.674	17375	377.062	0.377062	230	943	431.414	421	116.734	381.728	377.038	0.377038
Aneurysm	4080	88.5417	0.0885417	7.07975	105.997	4080	88.5417	0.0885417	230	742	440.986	442	105.159	102.588	88.2634	0.0882634
