Segment	Number of voxels [voxels] (1)	Volume [mm3] (1)	Volume [cm3] (1)	Feret diameter mm [mm]	Surface area [mm2] (1)	Number of voxels [voxels] (2)	Volume [mm3] (2)	Volume [cm3] (2)	Minimum [1]	Maximum [1]	Mean [1]	Median [1]	Standard Deviation [1]	Surface area [mm2] (2)	Volume [mm3] (3)	Volume [cm3] (3)
Aneurysm with Parent Artery	6921	328.477	0.328477	25.5314	433.599	6921	328.477	0.328477	142	504	254.399	247	75.5891	416.873	316.647	0.316647
Aneurysm	986	46.7965	0.0467965	5.77515	68.1965	986	46.7965	0.0467965	142	409	251.952	255	65.2172	64.9597	44.9889	0.0449889
