Segment	Number of voxels [voxels] (1)	Volume [mm3] (1)	Volume [cm3] (1)	Feret diameter mm [mm]	Surface area [mm2] (1)	Number of voxels [voxels] (2)	Volume [mm3] (2)	Volume [cm3] (2)	Minimum [1]	Maximum [1]	Mean [1]	Median [1]	Standard Deviation [1]	Surface area [mm2] (2)	Volume [mm3] (3)	Volume [cm3] (3)
Aneurysm with Parent Artery	15253	942.808	0.942808	23.8886	952.157	15253	942.808	0.942808	190	2531	1270.61	1234	423.115	907.054	933.155	0.933155
Aneurysm	1489	92.037	0.092037	11.2901	117.329	1489	92.037	0.092037	233	1744	993.87	962	240.9	104.176	88.8711	0.0888711
